idx,time_ns,val,delta,note
0,0,0,0
1,7030000,128,128  <<< ANOMALY
2,7990000,131,3
3,8950000,134,3
4,9910000,137,3
5,10870000,140,3
6,11830000,143,3
7,12790000,146,3
8,13750000,149,3
9,14710000,152,3
10,15670000,155,3
11,16630000,158,3
12,17590000,162,4
13,18550000,165,3
14,19510000,167,2
15,20470000,170,3
16,21430000,173,3
17,22390000,176,3
18,23350000,179,3
19,24310000,182,3
20,25270000,185,3
21,26230000,188,3
22,27190000,190,2
23,28150000,193,3
24,29110000,196,3
25,30070000,198,2
26,31030000,201,3
27,31990000,203,2
28,32950000,206,3
29,33910000,208,2
30,34870000,211,3
31,35830000,213,2
32,36790000,215,2
33,37750000,218,3
34,38710000,220,2
35,39670000,222,2
36,40630000,224,2
37,41590000,226,2
38,42550000,228,2
39,43510000,230,2
40,44470000,232,2
41,45430000,234,2
42,46390000,235,1
43,47350000,237,2
44,48310000,238,1
45,49270000,240,2
46,50230000,241,1
47,51190000,243,2
48,52150000,244,1
49,53110000,245,1
50,54070000,246,1
51,55030000,248,2
52,55990000,249,1
53,56950000,250,1
54,58870000,251,1
55,59830000,252,1
56,60790000,253,1
57,62710000,254,1
58,65590000,255,1
59,72310000,254,-1
60,75190000,253,-1
61,77110000,252,-1
62,78070000,251,-1
63,79030000,250,-1
64,80950000,249,-1
65,81910000,248,-1
66,82870000,246,-2
67,83830000,245,-1
68,84790000,244,-1
69,85750000,243,-1
70,86710000,241,-2
71,87670000,240,-1
72,88630000,238,-2
73,89590000,237,-1
74,90550000,235,-2
75,91510000,234,-1
76,92470000,232,-2
77,93430000,230,-2
78,94390000,228,-2
79,95350000,226,-2
80,96310000,224,-2
81,97270000,222,-2
82,98230000,220,-2
83,99190000,218,-2
84,100150000,215,-3
85,101110000,213,-2
86,102070000,211,-2
87,103030000,208,-3
88,103990000,206,-2
89,104950000,203,-3
90,105910000,201,-2
91,106870000,198,-3
92,107830000,196,-2
93,108790000,193,-3
94,109750000,190,-3
95,110710000,188,-2
96,111670000,185,-3
97,112630000,182,-3
98,113590000,179,-3
99,114550000,176,-3
100,115510000,173,-3
101,116470000,170,-3
102,117430000,167,-3
103,118390000,165,-2
104,119350000,162,-3
105,120310000,158,-4
106,121270000,155,-3
107,122230000,152,-3
108,123190000,149,-3
109,124150000,146,-3
110,125110000,143,-3
111,126070000,140,-3
112,127030000,137,-3
113,127990000,134,-3
114,128950000,131,-3
115,129910000,128,-3
116,130870000,124,-4
117,131830000,121,-3
118,132790000,118,-3
119,133750000,115,-3
120,134710000,112,-3
121,135670000,109,-3
122,136630000,106,-3
123,137590000,103,-3
124,138550000,100,-3
125,139510000,97,-3
126,140470000,93,-4
127,141430000,90,-3
128,142390000,88,-2
129,143350000,85,-3
130,144310000,82,-3
131,145270000,79,-3
132,146230000,76,-3
133,147190000,73,-3
134,148150000,70,-3
135,149110000,67,-3
136,150070000,65,-2
137,151030000,62,-3
138,151990000,59,-3
139,152950000,57,-2
140,153910000,54,-3
141,154870000,52,-2
142,155830000,49,-3
143,156790000,47,-2
144,157750000,44,-3
145,158710000,42,-2
146,159670000,40,-2
147,160630000,37,-3
148,161590000,35,-2
149,162550000,33,-2
150,163510000,31,-2
151,164470000,29,-2
152,165430000,27,-2
153,166390000,25,-2
154,167350000,23,-2
155,168310000,21,-2
156,169270000,20,-1
157,170230000,18,-2
158,171190000,17,-1
159,172150000,15,-2
160,173110000,14,-1
161,174070000,12,-2
162,175030000,11,-1
163,175990000,10,-1
164,176950000,9,-1
165,177910000,7,-2
166,178870000,6,-1
167,179830000,5,-1
168,181750000,4,-1
169,182710000,3,-1
170,183670000,2,-1
171,185590000,1,-1
172,188470000,0,-1
173,195190000,1,1
174,198070000,2,1
175,199990000,3,1
176,200950000,4,1
177,201910000,5,1
178,203830000,6,1
179,204790000,7,1
180,205750000,9,2
181,206710000,10,1
182,207670000,11,1
183,208630000,12,1
184,209590000,14,2
185,210550000,15,1
186,211510000,17,2
187,212470000,18,1
188,213430000,20,2
189,214390000,21,1
190,215350000,23,2
191,216310000,25,2
192,217270000,27,2
193,218230000,29,2
194,219190000,31,2
195,220150000,33,2
196,221110000,35,2
197,222070000,37,2
198,223030000,40,3
199,223990000,42,2
200,224950000,44,2
201,225910000,47,3
202,226870000,49,2
203,227830000,52,3
204,228790000,54,2
205,229750000,57,3
206,230710000,59,2
207,231670000,62,3
208,232630000,65,3
209,233590000,67,2
210,234550000,70,3
211,235510000,73,3
212,236470000,76,3
213,237430000,79,3
214,238390000,82,3
215,239350000,85,3
216,240310000,88,3
217,241270000,90,2
218,242230000,93,3
219,243190000,97,4
220,244150000,100,3
221,245110000,103,3
222,246070000,106,3
223,247030000,109,3
224,247990000,112,3
225,248950000,115,3
226,249910000,118,3
227,250870000,121,3
228,251830000,124,3
229,252790000,128,4
230,253750000,131,3
231,254710000,134,3
232,255670000,137,3
233,256630000,140,3
234,257590000,143,3
235,258550000,146,3
236,259510000,149,3
237,260470000,152,3
238,261430000,155,3
239,262390000,158,3
240,263350000,162,4
241,264310000,165,3
242,265270000,167,2
243,266230000,170,3
244,267190000,173,3
245,268150000,176,3
246,269110000,179,3
247,270070000,182,3
248,271030000,185,3
249,271990000,188,3
250,272950000,190,2
251,273910000,193,3
252,274870000,196,3
253,275830000,198,2
254,276790000,201,3
255,277750000,203,2
256,278710000,206,3
257,279670000,208,2
258,280630000,211,3
259,281590000,213,2
260,282550000,215,2
261,283510000,218,3
262,284470000,220,2
263,285430000,222,2
264,286390000,224,2
265,287350000,226,2
266,288310000,228,2
267,289270000,230,2
268,290230000,232,2
269,291190000,234,2
270,292150000,235,1
271,293110000,237,2
272,294070000,238,1
273,295030000,240,2
274,295990000,241,1
275,296950000,243,2
276,297910000,244,1
277,298870000,245,1
278,299830000,246,1
279,300790000,248,2
280,301750000,249,1
281,302710000,250,1
282,304630000,251,1
283,305590000,252,1
284,306550000,253,1
285,308470000,254,1
286,311350000,255,1
287,318070000,254,-1
288,320950000,253,-1
289,322870000,252,-1
290,323830000,251,-1
291,324790000,250,-1
292,326710000,249,-1
293,327670000,248,-1
294,328630000,246,-2
295,329590000,245,-1
296,330550000,244,-1
297,331510000,243,-1
298,332470000,241,-2
299,333430000,240,-1
300,334390000,238,-2
301,335350000,237,-1
302,336310000,235,-2
303,337270000,234,-1
304,338230000,232,-2
305,339190000,230,-2
306,340150000,228,-2
307,341110000,226,-2
308,342070000,224,-2
309,343030000,222,-2
310,343990000,220,-2
311,344950000,218,-2
312,345910000,215,-3
313,346870000,213,-2
314,347830000,211,-2
315,348790000,208,-3
316,349750000,206,-2
317,350710000,203,-3
318,351670000,201,-2
319,352630000,198,-3
320,353590000,196,-2
321,354550000,193,-3
322,355510000,190,-3
323,356470000,188,-2
324,357430000,185,-3
325,358390000,182,-3
326,359350000,179,-3
327,360310000,176,-3
328,361270000,173,-3
329,362230000,170,-3
330,363190000,167,-3
331,364150000,165,-2
332,365110000,162,-3
333,366070000,158,-4
334,367030000,155,-3
335,367990000,152,-3
336,368950000,149,-3
337,369910000,146,-3
338,370870000,143,-3
339,371830000,140,-3
340,372790000,137,-3
341,373750000,134,-3
342,374710000,131,-3
343,375670000,128,-3
344,376630000,124,-4
345,377590000,121,-3
346,378550000,118,-3
347,379510000,115,-3
348,380470000,112,-3
349,381430000,109,-3
350,382390000,106,-3
351,383350000,103,-3
352,384310000,100,-3
353,385270000,97,-3
354,386230000,93,-4
355,387190000,90,-3
356,388150000,88,-2
357,389110000,85,-3
358,390070000,82,-3
359,391030000,79,-3
360,391990000,76,-3
361,392950000,73,-3
362,393910000,70,-3
363,394870000,67,-3
364,395830000,65,-2
365,396790000,62,-3
366,397750000,59,-3
367,398710000,57,-2
368,399670000,54,-3
369,400630000,52,-2
370,401590000,49,-3
371,402550000,47,-2
372,403510000,44,-3
373,404470000,42,-2
374,405430000,40,-2
375,406390000,37,-3
376,407350000,35,-2
377,408310000,33,-2
378,409270000,31,-2
379,410230000,29,-2
380,411190000,27,-2
381,412150000,25,-2
382,413110000,23,-2
383,414070000,21,-2
384,415030000,20,-1
385,415990000,18,-2
386,416950000,17,-1
387,417910000,15,-2
388,418870000,14,-1
389,419830000,12,-2
390,420790000,11,-1
391,421750000,10,-1
392,422710000,9,-1
393,423670000,7,-2
394,424630000,6,-1
395,425590000,5,-1
396,427510000,4,-1
397,428470000,3,-1
398,429430000,2,-1
399,431350000,1,-1
400,434230000,0,-1
401,440950000,1,1
402,443830000,2,1
403,445750000,3,1
404,446710000,4,1
405,447670000,5,1
406,449590000,6,1
407,450550000,7,1
408,451510000,9,2
409,452470000,10,1
410,453430000,11,1
411,454390000,12,1
412,455350000,14,2
413,456310000,15,1
414,457270000,17,2
415,458230000,18,1
416,459190000,20,2
417,460150000,21,1
418,461110000,23,2
419,462070000,25,2
420,463030000,27,2
421,463990000,29,2
422,464950000,31,2
423,465910000,33,2
424,466870000,35,2
425,467830000,37,2
426,468790000,40,3
427,469750000,42,2
428,470710000,44,2
429,471670000,47,3
430,472630000,49,2
431,473590000,52,3
432,474550000,54,2
433,475510000,57,3
434,476470000,59,2
435,477430000,62,3
436,478390000,65,3
437,479350000,67,2
438,480310000,70,3
439,481270000,73,3
440,482230000,76,3
441,483190000,79,3
442,484150000,82,3
443,485110000,85,3
444,486070000,88,3
445,487030000,90,2
446,487990000,93,3
447,488950000,97,4
448,489910000,100,3
449,490870000,103,3
450,491830000,106,3
451,492790000,109,3
452,493750000,112,3
453,494710000,115,3
454,495670000,118,3
455,496630000,115,-3
456,497590000,118,3
457,498550000,121,3
458,499510000,124,3
459,500470000,128,4
460,501430000,131,3
461,502390000,134,3
462,503350000,137,3
463,504310000,140,3
464,505270000,143,3
465,506230000,146,3
466,507190000,149,3
467,508150000,152,3
468,509110000,155,3
469,510070000,158,3
470,511030000,162,4
471,511990000,165,3
472,512950000,167,2
473,513910000,170,3
474,514870000,173,3
475,515830000,176,3
476,516790000,179,3
477,517750000,182,3
478,518710000,185,3
479,519670000,188,3
480,520630000,190,2
481,521590000,193,3
482,522550000,196,3
483,523510000,198,2
484,524470000,201,3
485,525430000,203,2
486,526390000,206,3
487,527350000,208,2
488,528310000,211,3
489,529270000,213,2
490,530230000,215,2
491,531190000,218,3
492,532150000,220,2
493,533110000,222,2
494,534070000,224,2
495,535030000,226,2
496,535990000,228,2
497,536950000,230,2
498,537910000,232,2
499,538870000,234,2
500,539830000,235,1
501,540790000,237,2
502,541750000,238,1
503,542710000,240,2
504,543670000,241,1
505,544630000,243,2
506,545590000,244,1
507,546550000,245,1
508,547510000,246,1
509,548470000,248,2
510,549430000,249,1
511,550390000,250,1
512,552310000,251,1
513,553270000,252,1
514,554230000,253,1
515,556150000,254,1
516,559030000,255,1
517,565750000,254,-1
518,568630000,253,-1
519,570550000,252,-1
520,571510000,251,-1
521,572470000,250,-1
522,574390000,249,-1
523,575350000,248,-1
524,576310000,246,-2
525,577270000,245,-1
526,578230000,244,-1
527,579190000,243,-1
528,580150000,241,-2
529,581110000,240,-1
530,582070000,238,-2
531,583030000,237,-1
532,583990000,235,-2
533,584950000,234,-1
534,585910000,232,-2
535,586870000,230,-2
536,587830000,228,-2
537,588790000,226,-2
538,589750000,224,-2
539,590710000,222,-2
540,591670000,220,-2
541,592630000,218,-2
542,593590000,215,-3
543,594550000,213,-2
544,595510000,211,-2
545,596470000,208,-3
546,597430000,206,-2
547,598390000,203,-3
548,599350000,201,-2
549,600310000,198,-3
550,601270000,196,-2
551,602230000,193,-3
552,603190000,190,-3
553,604150000,188,-2
554,605110000,185,-3
555,606070000,182,-3
556,607030000,179,-3
557,607990000,176,-3
558,608950000,173,-3
559,609910000,170,-3
560,610870000,167,-3
561,611830000,165,-2
562,612790000,162,-3
563,613750000,158,-4
564,614710000,155,-3
565,615670000,152,-3
566,616630000,149,-3
567,617590000,146,-3
568,618550000,143,-3
569,619510000,140,-3
570,620470000,137,-3
571,621430000,134,-3
572,622390000,131,-3
573,623350000,128,-3
574,624310000,124,-4
575,625270000,121,-3
576,626230000,118,-3
577,627190000,115,-3
578,628150000,112,-3
579,629110000,109,-3
580,630070000,106,-3
581,631030000,103,-3
582,631990000,100,-3
583,632950000,97,-3
584,633910000,93,-4
585,634870000,90,-3
586,635830000,88,-2
587,636790000,85,-3
588,637750000,82,-3
589,638710000,79,-3
590,639670000,76,-3
591,640630000,73,-3
592,641590000,70,-3
593,642550000,67,-3
594,643510000,65,-2
595,644470000,62,-3
596,645430000,59,-3
597,646390000,57,-2
598,647350000,54,-3
599,648310000,52,-2
600,649270000,49,-3
601,650230000,47,-2
602,651190000,44,-3
603,652150000,42,-2
604,653110000,40,-2
605,654070000,37,-3
606,655030000,35,-2
607,655990000,33,-2
608,656950000,31,-2
609,657910000,29,-2
610,658870000,27,-2
611,659830000,25,-2
612,660790000,23,-2
613,661750000,21,-2
614,662710000,20,-1
615,663670000,18,-2
616,664630000,17,-1
617,665590000,15,-2
618,666550000,14,-1
619,667510000,12,-2
620,668470000,11,-1
621,669430000,10,-1
622,670390000,9,-1
623,671350000,7,-2
624,672310000,6,-1
625,673270000,5,-1
626,675190000,4,-1
627,676150000,3,-1
628,677110000,2,-1
629,679030000,1,-1
630,681910000,0,-1
631,688630000,1,1
632,691510000,2,1
633,693430000,3,1
634,694390000,4,1
635,695350000,5,1
636,697270000,6,1
637,698230000,7,1
638,699190000,9,2
639,700150000,10,1
640,701110000,11,1
641,702070000,12,1
642,703030000,14,2
643,703990000,15,1
644,704950000,17,2
645,705910000,18,1
646,706870000,20,2
647,707830000,21,1
648,708790000,23,2
649,709750000,25,2
650,710710000,27,2
651,711670000,29,2
652,712630000,31,2
653,713590000,33,2
654,714550000,35,2
655,715510000,37,2
656,716470000,40,3
657,717430000,42,2
658,718390000,44,2
659,719350000,47,3
660,720310000,49,2
661,721270000,52,3
662,722230000,54,2
663,723190000,57,3
664,724150000,59,2
665,725110000,62,3
666,726070000,65,3
667,727030000,67,2
668,727990000,70,3
669,728950000,73,3
670,729910000,76,3
671,730870000,79,3
672,731830000,82,3
673,732790000,85,3
674,733750000,88,3
675,734710000,90,2
676,735670000,93,3
677,736630000,97,4
678,737590000,100,3
679,738550000,103,3
680,739510000,106,3
681,740470000,109,3
682,741430000,112,3
683,742390000,115,3
684,743350000,118,3
685,744310000,121,3
686,745270000,124,3
687,746230000,128,4
688,747190000,131,3
689,748150000,134,3
690,749110000,137,3
691,750070000,140,3
692,751030000,143,3
693,751990000,146,3
694,752950000,149,3
695,753910000,152,3
696,754870000,155,3
697,755830000,158,3
698,756790000,162,4
699,757750000,165,3
700,758710000,167,2
701,759670000,170,3
702,760630000,173,3
703,761590000,176,3
704,762550000,179,3
705,763510000,182,3
706,764470000,185,3
707,765430000,188,3
708,766390000,190,2
709,767350000,193,3
710,768310000,196,3
711,769270000,198,2
712,770230000,201,3
713,771190000,203,2
714,772150000,206,3
715,773110000,208,2
716,774070000,211,3
717,775030000,213,2
718,775990000,215,2
719,776950000,218,3
720,777910000,220,2
721,778870000,222,2
722,779830000,224,2
723,780790000,226,2
724,781750000,228,2
725,782710000,230,2
726,783670000,232,2
727,784630000,234,2
728,785590000,235,1
729,786550000,237,2
730,787510000,238,1
731,788470000,240,2
732,789430000,241,1
733,790390000,243,2
734,791350000,244,1
735,792310000,245,1
736,793270000,246,1
737,794230000,248,2
738,795190000,249,1
739,796150000,250,1
740,798070000,251,1
741,799030000,252,1
742,799990000,253,1
743,801910000,254,1
744,804790000,255,1
745,811510000,254,-1
746,814390000,253,-1
747,816310000,252,-1
748,817270000,251,-1
749,818230000,250,-1
750,820150000,249,-1
751,821110000,248,-1
752,822070000,246,-2
753,823030000,245,-1
754,823990000,244,-1
755,824950000,243,-1
756,825910000,241,-2
757,826870000,240,-1
758,827830000,238,-2
759,828790000,237,-1
760,829750000,235,-2
761,830710000,234,-1
762,831670000,232,-2
763,832630000,230,-2
764,833590000,228,-2
765,834550000,226,-2
766,835510000,224,-2
767,836470000,222,-2
768,837430000,220,-2
769,838390000,218,-2
770,839350000,215,-3
771,840310000,213,-2
772,841270000,211,-2
773,842230000,208,-3
774,843190000,206,-2
775,844150000,203,-3
776,845110000,201,-2
777,846070000,198,-3
778,847030000,196,-2
779,847990000,193,-3
780,848950000,190,-3
781,849910000,188,-2
782,850870000,185,-3
783,851830000,182,-3
784,852790000,179,-3
785,853750000,176,-3
786,854710000,173,-3
787,855670000,170,-3
788,856630000,167,-3
789,857590000,165,-2
790,858550000,162,-3
791,859510000,158,-4
792,860470000,155,-3
793,861430000,152,-3
794,862390000,149,-3
795,863350000,146,-3
796,864310000,143,-3
797,865270000,140,-3
798,866230000,137,-3
799,867190000,134,-3
800,868150000,131,-3
801,869110000,128,-3
802,870070000,124,-4
803,871030000,121,-3
804,871990000,118,-3
805,872950000,115,-3
806,873910000,112,-3
807,874870000,109,-3
808,875830000,106,-3
809,876790000,103,-3
810,877750000,100,-3
811,878710000,97,-3
812,879670000,93,-4
813,880630000,90,-3
814,881590000,88,-2
815,882550000,85,-3
816,883510000,82,-3
817,884470000,79,-3
818,885430000,76,-3
819,886390000,73,-3
820,887350000,70,-3
821,888310000,67,-3
822,889270000,65,-2
823,890230000,62,-3
824,891190000,59,-3
825,892150000,57,-2
826,893110000,54,-3
827,894070000,52,-2
828,895030000,49,-3
829,895990000,47,-2
830,896950000,44,-3
831,897910000,42,-2
832,898870000,40,-2
833,899830000,37,-3
834,900790000,35,-2
835,901750000,33,-2
836,902710000,31,-2
837,903670000,29,-2
838,904630000,27,-2
839,905590000,25,-2
840,906550000,23,-2
841,907510000,21,-2
842,908470000,20,-1
843,909430000,18,-2
844,910390000,17,-1
845,911350000,15,-2
846,912310000,14,-1
847,913270000,12,-2
848,914230000,11,-1
849,915190000,10,-1
850,916150000,9,-1
851,917110000,7,-2
852,918070000,6,-1
853,919030000,5,-1
854,920950000,4,-1
855,921910000,3,-1
856,922870000,2,-1
857,924790000,1,-1
858,927670000,0,-1
859,934390000,1,1
860,937270000,2,1
861,939190000,3,1
862,940150000,4,1
863,941110000,5,1
864,943030000,6,1
865,943990000,7,1
866,944950000,9,2
867,945910000,10,1
868,946870000,11,1
869,947830000,12,1
870,948790000,14,2
871,949750000,15,1
872,950710000,17,2
873,951670000,18,1
874,952630000,20,2
875,953590000,21,1
876,954550000,23,2
877,955510000,25,2
878,956470000,27,2
879,957430000,29,2
880,958390000,31,2
881,959350000,33,2
882,960310000,35,2
883,961270000,37,2
884,962230000,40,3
885,963190000,42,2
886,964150000,44,2
887,965110000,47,3
888,966070000,49,2
889,967030000,52,3
890,967990000,54,2
891,968950000,57,3
892,969910000,59,2
893,970870000,62,3
894,971830000,65,3
895,972790000,67,2
896,973750000,70,3
897,974710000,73,3
898,975670000,76,3
899,976630000,79,3
900,977590000,82,3
901,978550000,85,3
902,979510000,88,3
903,980470000,90,2
904,981430000,93,3
905,982390000,97,4
906,983350000,100,3
907,984310000,103,3
908,985270000,106,3
909,986230000,109,3
910,987190000,112,3
911,988150000,115,3
912,989110000,118,3
913,990070000,121,3
914,991030000,124,3
915,991990000,128,4
916,992950000,131,3
917,993910000,134,3
918,994870000,137,3
919,995830000,140,3
920,996790000,143,3
921,997750000,146,3
922,998710000,149,3
923,999670000,152,3